tempo (s),entrada (V),saida (V)
0.005357980728149414,0.0,0.11
0.005894660949707031,0.0,0.2
0.0063474178314208984,0.0,0.29
0.0068471431732177734,0.0,0.37
0.062462568283081055,0.0,0.44
0.1648085117340088,0.0,0.5
0.2630906105041504,0.0,0.56
0.3655421733856201,0.0,0.61
0.4680187702178955,0.0,0.66
0.5662417411804199,0.0,0.7
0.6686315536499023,0.0,0.74
0.7712535858154297,0.0,0.77
0.8692841529846191,0.0,0.8
0.9717864990234375,0.0,0.83
1.0739953517913818,0.0,0.85
1.1724646091461182,0.0,0.88
1.274841070175171,0.0,0.9
1.3771193027496338,0.0,0.91
1.4755170345306396,0.0,0.93
1.577920913696289,0.0,0.95
1.6802246570587158,0.0,0.96
1.7787837982177734,0.0,0.97
1.8810038566589355,0.0,0.98
1.983314037322998,0.0,0.99
2.081724166870117,0.0,1.0
2.1840498447418213,0.0,1.01
2.2864036560058594,0.0,1.01
2.3847596645355225,0.0,1.02
2.4871416091918945,0.0,1.03
2.589522361755371,0.0,1.03
2.687816858291626,0.0,1.04
2.790220260620117,0.0,1.04
2.8926033973693848,0.0,1.04
2.9909777641296387,0.0,1.05
3.093362331390381,0.0,1.05
3.195669174194336,0.0,1.05
3.2940115928649902,0.0,1.05
3.3964107036590576,0.0,1.06
3.4948806762695312,0.0,1.06
3.5970685482025146,0.0,1.06
3.6994500160217285,0.0,1.06
3.7978439331054688,0.0,1.06
3.9002246856689453,0.0,1.07
4.00258994102478,0.0,1.07
4.101073980331421,0.0,1.07
4.203309059143066,0.0,1.07
4.305646181106567,0.0,1.07
4.404024600982666,0.0,1.07
4.506410598754883,0.0,1.07
4.608726501464844,0.0,1.07
4.707165718078613,0.0,1.07
4.809489727020264,0.0,1.07
4.911829710006714,0.0,1.07
5.0102221965789795,0.0,1.07
5.112536430358887,0.0,1.07
5.214925527572632,0.0,1.07
5.313287258148193,0.0,1.08
5.415745973587036,0.0,1.08
5.51798415184021,0.0,1.08
5.616369962692261,0.0,1.08
5.718754053115845,0.0,1.08
5.821123838424683,0.0,1.08
5.919449329376221,0.0,1.08
6.02184796333313,0.0,1.08
6.124167442321777,0.0,1.08
6.22255802154541,0.0,1.08
6.325012683868408,0.0,1.08
6.427263498306274,0.0,1.08
6.525744438171387,0.0,1.08
6.628112554550171,0.0,1.08
6.726388692855835,0.0,1.08
6.82872200012207,0.0,1.08
6.931211471557617,0.0,1.08
7.029469966888428,0.0,1.08
7.1318199634552,0.0,1.08
7.234175443649292,0.0,1.08
7.33257532119751,0.0,1.08
7.434945583343506,0.0,1.08
7.537252187728882,0.0,1.08
7.635686635971069,0.0,1.08
7.738112449645996,0.0,1.08
7.840390205383301,0.0,1.08
7.938809871673584,0.0,1.08
8.04120683670044,0.0,1.08
8.143418312072754,0.0,1.08
8.241883993148804,0.0,1.08
8.344252109527588,0.0,1.08
8.446523904800415,0.0,1.08
8.544915914535522,0.0,1.08
8.6472647190094,0.0,1.08
8.749614000320435,0.0,1.08
8.848205804824829,0.0,1.08
8.950315237045288,0.0,1.08
9.052716970443726,0.0,1.08
9.151103258132935,0.0,1.08
9.253438949584961,0.0,1.08
9.35584306716919,0.0,1.08
9.454137802124023,0.0,1.08
9.556490182876587,0.0,1.08
9.658904552459717,0.0,1.08
9.757317066192627,0.5,1.08
9.859613180160522,0.5,1.08
9.961937189102173,0.5,1.1
10.060449361801147,0.5,1.1
10.1627037525177,0.5,1.09
10.261029958724976,0.5,1.09
10.363494634628296,0.5,1.09
10.465815544128418,0.5,1.1
10.564181804656982,0.5,1.1
10.666612386703491,0.5,1.12
10.768875122070312,0.5,1.12
10.867191076278687,0.5,1.12
10.96966814994812,0.5,1.11
11.071996212005615,0.5,1.11
11.170315265655518,0.5,1.11
11.272698879241943,0.5,1.11
11.375143766403198,0.5,1.11
11.473395109176636,0.5,1.11
11.575764417648315,0.5,1.13
11.678120136260986,0.5,1.13
11.776541948318481,0.5,1.12
11.878862380981445,0.5,1.11
11.981181383132935,0.5,1.11
12.079591751098633,0.5,1.11
12.182028532028198,0.5,1.11
12.284316301345825,0.5,1.11
12.38281512260437,0.5,1.11
12.485046863555908,0.5,1.13
12.587378740310669,0.5,1.13
12.685771703720093,0.5,1.12
12.7881498336792,0.5,1.12
12.890481233596802,0.5,1.11
12.988816022872925,0.5,1.11
13.091219663619995,0.5,1.11
13.193532228469849,0.5,1.11
13.291972875595093,0.5,1.11
13.394294500350952,0.5,1.14
13.496649503707886,0.5,1.13
13.595018863677979,0.5,1.12
13.697365045547485,0.5,1.12
13.799798727035522,0.5,1.12
13.898143291473389,0.5,1.11
14.000494956970215,0.5,1.11
14.102824211120605,0.5,1.11
14.201246976852417,0.5,1.11
14.303556442260742,0.5,1.15
14.405967473983765,0.5,1.14
14.50438141822815,0.5,1.13
14.606700658798218,0.5,1.13
14.708975315093994,0.5,1.12
14.807401418685913,0.5,1.12
14.909714221954346,0.5,1.12
15.01214861869812,0.5,1.12
15.110483884811401,0.5,1.12
15.212846994400024,0.5,1.16
15.315216541290283,0.5,1.15
15.413556337356567,0.5,1.14
15.515948057174683,0.5,1.13
15.618348598480225,0.5,1.13
15.716712713241577,0.5,1.13
15.819010972976685,0.5,1.12
15.921327829360962,0.5,1.13
16.019739151000977,0.5,1.12
16.122077703475952,0.5,1.16
16.220460653305054,0.5,1.15
16.32285189628601,0.5,1.14
16.42519760131836,0.5,1.14
16.5236074924469,0.5,1.13
16.625996828079224,0.5,1.13
16.728233814239502,0.5,1.12
16.82662034034729,0.5,1.13
16.92898941040039,0.5,1.13
17.031388998031616,0.5,1.16
17.12971830368042,0.5,1.15
17.232186794281006,0.5,1.14
17.33456802368164,0.5,1.14
17.43291974067688,0.5,1.13
17.53526020050049,0.5,1.13
17.637523651123047,0.5,1.12
17.73589038848877,0.5,1.13
17.83829379081726,0.5,1.13
17.94055938720703,0.5,1.15
18.038989543914795,0.5,1.15
18.141326665878296,0.5,1.14
18.243754148483276,0.5,1.13
18.342156171798706,0.5,1.13
18.444451093673706,0.5,1.13
18.54676914215088,0.5,1.12
18.64531922340393,0.5,1.13
18.747536659240723,0.5,1.13
18.849926710128784,0.5,1.15
18.948260068893433,0.5,1.14
19.050647258758545,0.5,1.14
19.15293788909912,0.5,1.13
19.251453638076782,0.5,1.13
19.35370922088623,0.5,1.13
19.45605492591858,0.5,1.12
19.55445408821106,0.5,1.14
19.65679383277893,0.5,1.13
19.75914216041565,0.5,1.15
19.85755205154419,1.0,1.14
19.95987892150879,1.0,1.13
20.062255859375,1.0,1.13
20.160730361938477,1.0,1.12
20.263036489486694,1.0,1.13
20.365369081497192,1.0,1.12
20.46380066871643,1.0,1.16
20.56617760658264,1.0,1.16
20.66845726966858,1.0,1.19
20.766891479492188,1.0,1.18
20.869266986846924,1.0,1.16
20.97161865234375,1.0,1.16
21.069795608520508,1.0,1.15
21.172243356704712,1.0,1.15
21.27461838722229,1.0,1.14
21.37295913696289,1.0,1.18
21.475378274917603,1.0,1.17
21.577728748321533,1.0,1.2
21.676071882247925,1.0,1.19
21.778454542160034,1.0,1.18
21.880771160125732,1.0,1.17
21.97910475730896,1.0,1.16
22.0815372467041,1.0,1.17
22.17987561225891,1.0,1.16
22.28232479095459,1.0,1.19
22.38461685180664,1.0,1.18
22.48306155204773,1.0,1.2
22.585352897644043,1.0,1.19
22.68771767616272,1.0,1.18
22.786057233810425,1.0,1.17
22.888518810272217,1.0,1.16
22.990929126739502,1.0,1.17
23.08916735649109,1.0,1.16
23.191553354263306,1.0,1.19
23.293846368789673,1.0,1.18
23.392250299453735,1.0,1.2
23.49459958076477,1.0,1.19
23.59701418876648,1.0,1.18
23.695430755615234,1.0,1.17
23.797732830047607,1.0,1.16
23.90004801750183,1.0,1.17
23.998408555984497,1.0,1.16
24.10078477859497,1.0,1.2
24.203089237213135,1.0,1.19
24.30150556564331,1.0,1.19
24.403944730758667,1.0,1.18
24.50620174407959,1.0,1.17
24.604632139205933,1.0,1.16
24.70705795288086,1.0,1.16
24.809303283691406,1.0,1.17
24.9077205657959,1.0,1.16
25.01004958152771,1.0,1.2
25.112411737442017,1.0,1.19
25.21076464653015,1.0,1.17
25.31311869621277,1.0,1.16
25.415485382080078,1.0,1.15
25.513852834701538,1.0,1.15
25.616209506988525,1.0,1.15
25.718555688858032,1.0,1.18
25.81688404083252,1.0,1.17
25.919267654418945,1.0,1.2
26.021623849868774,1.0,1.19
26.120036363601685,1.0,1.17
26.222398042678833,1.0,1.16
26.324734449386597,1.0,1.16
26.423226356506348,1.0,1.16
26.52552342414856,1.0,1.15
26.627825498580933,1.0,1.19
26.72618269920349,1.0,1.18
26.82856845855713,1.0,1.2
26.93097162246704,1.0,1.19
27.029279708862305,1.0,1.18
27.13167119026184,1.0,1.17
27.234021186828613,1.0,1.16
27.33245849609375,1.0,1.17
27.43479299545288,1.0,1.16
27.53318190574646,1.0,1.19
27.635541677474976,1.0,1.18
27.7378888130188,1.0,1.21
27.836266040802002,1.0,1.19
27.93857717514038,1.0,1.18
28.041012287139893,1.0,1.18
28.139323711395264,1.0,1.17
28.241644144058228,1.0,1.17
28.344032287597656,1.0,1.16
28.442836046218872,1.0,1.2
28.544734716415405,1.0,1.18
28.647154092788696,1.0,1.2
28.74544072151184,1.0,1.19
28.84784197807312,1.0,1.18
28.95018458366394,1.0,1.18
29.048729181289673,1.0,1.17
29.15096402168274,1.0,1.17
29.253255128860474,1.0,1.16
29.351743459701538,1.0,1.2
29.45397114753723,1.0,1.18
29.556361436843872,1.0,1.2
29.65481162071228,1.0,1.19
29.75745987892151,1.0,1.18
29.85943865776062,1.0,1.17
29.957823276519775,1.5,1.16
30.060200452804565,1.5,1.18
30.162623643875122,1.5,1.17
30.26092290878296,1.5,1.2
30.363259315490723,1.5,1.19
30.465620279312134,1.5,1.22
30.56405782699585,1.5,1.21
30.666444778442383,1.5,1.19
30.768720865249634,1.5,1.18
30.867046117782593,1.5,1.17
30.969419240951538,1.5,1.19
31.07179546356201,1.5,1.18
31.170182466506958,1.5,1.21
31.272586822509766,1.5,1.2
31.37486457824707,1.5,1.22
31.473252296447754,1.5,1.21
31.575589179992676,1.5,1.19
31.6780207157135,1.5,1.19
31.776386976242065,1.5,1.18
31.87879252433777,1.5,1.19
31.981051921844482,1.5,1.18
32.079545736312866,1.5,1.21
32.18186116218567,1.5,1.2
32.2841100692749,1.5,1.23
32.382488489151,1.5,1.21
32.48490357398987,1.5,1.21
32.58724117279053,1.5,1.2
32.685609579086304,1.5,1.19
32.78798866271973,1.5,1.2
32.89034676551819,1.5,1.19
32.98868370056152,1.5,1.22
33.091169595718384,1.5,1.2
33.19339847564697,1.5,1.23
33.291800022125244,1.5,1.22
33.3941445350647,1.5,1.21
33.49652338027954,1.5,1.2
33.594873666763306,1.5,1.19
33.697261333465576,1.5,1.2
33.799612522125244,1.5,1.19
33.89801502227783,1.5,1.22
34.00033712387085,1.5,1.2
34.09872388839722,1.5,1.23
34.2011182308197,1.5,1.22
34.3034143447876,1.5,1.22
34.40178346633911,1.5,1.21
34.504159688949585,1.5,1.2
34.60653281211853,1.5,1.2
34.70506572723389,1.5,1.19
34.80725574493408,1.5,1.22
34.90962791442871,1.5,1.21
35.00795245170593,1.5,1.24
35.11035656929016,1.5,1.22
35.212748765945435,1.5,1.23
35.311129093170166,1.5,1.22
35.413437366485596,1.5,1.21
35.515825510025024,1.5,1.21
35.61409950256348,1.5,1.19
35.71655821800232,1.5,1.23
35.81894254684448,1.5,1.21
35.917213678359985,1.5,1.24
36.01972436904907,1.5,1.23
36.12203311920166,1.5,1.24
36.22030735015869,1.5,1.23
36.32272028923035,1.5,1.22
36.4250226020813,1.5,1.21
36.52344751358032,1.5,1.2
36.62610125541687,1.5,1.23
36.72812604904175,1.5,1.22
36.826600074768066,1.5,1.25
36.928966760635376,1.5,1.23
37.03121781349182,1.5,1.25
37.12969517707825,1.5,1.24
37.232099771499634,1.5,1.22
37.334312438964844,1.5,1.22
37.432766914367676,1.5,1.2
37.53515267372131,1.5,1.24
37.637388467788696,1.5,1.22
37.73609447479248,1.5,1.25
37.838505029678345,1.5,1.23
37.94047975540161,1.5,1.25
38.03901147842407,1.5,1.24
38.14125847816467,1.5,1.22
38.243576526641846,1.5,1.22
38.34195804595947,1.5,1.2
38.44429898262024,1.5,1.24
38.54664635658264,1.5,1.22
38.645018100738525,1.5,1.25
38.74739193916321,1.5,1.23
38.849764347076416,1.5,1.25
38.94814324378967,1.5,1.24
39.05054473876953,1.5,1.22
39.1528754234314,1.5,1.22
39.25121784210205,1.5,1.2
39.353646993637085,1.5,1.24
39.45595049858093,1.5,1.22
39.55427527427673,1.5,1.25
39.65669894218445,1.5,1.23
39.75919151306152,1.5,1.26
39.85739088058472,1.5,1.24
39.95978617668152,1.5,1.22
40.0621178150177,2.0,1.21
40.16050410270691,2.0,1.2
40.26283550262451,2.0,1.23
40.365251302719116,2.0,1.22
40.463534355163574,2.0,1.25
40.566030502319336,2.0,1.23
40.66830515861511,2.0,1.26
40.76679873466492,2.0,1.24
40.869012117385864,2.0,1.25
40.971373558044434,2.0,1.25
41.06976938247681,2.0,1.23
41.17221999168396,2.0,1.26
41.274479389190674,2.0,1.24
41.3728301525116,2.0,1.27
41.475215911865234,2.0,1.25
41.573593854904175,2.0,1.27
41.67591118812561,2.0,1.26
41.778358936309814,2.0,1.25
41.87661337852478,2.0,1.25
41.97914409637451,2.0,1.23
42.08153676986694,2.0,1.26
42.1796977519989,2.0,1.24
42.28215980529785,2.0,1.27
42.38447570800781,2.0,1.25
42.482853412628174,2.0,1.27
42.58521914482117,2.0,1.26
42.687522411346436,2.0,1.24
42.7859046459198,2.0,1.24
42.88825440406799,2.0,1.23
42.99064803123474,2.0,1.25
43.08913969993591,2.0,1.24
43.19139742851257,2.0,1.26
43.293699741363525,2.0,1.25
43.392075300216675,2.0,1.27
43.49453639984131,2.0,1.26
43.59677195549011,2.0,1.23
43.695558309555054,2.0,1.24
43.797640800476074,2.0,1.23
43.89989519119263,2.0,1.25
43.998228788375854,2.0,1.24
44.100746631622314,2.0,1.26
44.20301103591919,2.0,1.25
44.30137491226196,2.0,1.27
44.40370488166809,2.0,1.26
44.506097078323364,2.0,1.23
44.60445213317871,2.0,1.25
44.706801414489746,2.0,1.23
44.809187173843384,2.0,1.26
44.90752387046814,2.0,1.24
45.009894609451294,2.0,1.27
45.11223745346069,2.0,1.25
45.2107515335083,2.0,1.27
45.31296920776367,2.0,1.26
45.41533589363098,2.0,1.24
45.51375436782837,2.0,1.27
45.61608386039734,2.0,1.25
45.718384981155396,2.0,1.28
45.816731452941895,2.0,1.26
45.91937255859375,2.0,1.28
46.021453619003296,2.0,1.26
46.119909048080444,2.0,1.28
46.2222740650177,2.0,1.27
46.32464122772217,2.0,1.25
46.423107624053955,2.0,1.28
46.52539253234863,2.0,1.26
46.627650022506714,2.0,1.28
46.72604703903198,2.0,1.26
46.828537940979004,2.0,1.29
46.930838108062744,2.0,1.27
47.02917003631592,2.0,1.28
47.13153338432312,2.0,1.27
47.229910373687744,2.0,1.25
47.33222699165344,2.0,1.28
47.434704303741455,2.0,1.26
47.53307604789734,2.0,1.28
47.63535666465759,2.0,1.26
47.73783755302429,2.0,1.29
47.836058139801025,2.0,1.27
47.9384400844574,2.0,1.28
48.040839195251465,2.0,1.27
48.139139890670776,2.0,1.25
48.24172568321228,2.0,1.28
48.34396028518677,2.0,1.26
48.442225217819214,2.0,1.28
48.54469919204712,2.0,1.26
48.6470730304718,2.0,1.29
48.7453179359436,2.0,1.27
48.847687005996704,2.0,1.27
48.95005917549133,2.0,1.26
49.04858136177063,2.0,1.24
49.15078115463257,2.0,1.27
49.2530837059021,2.0,1.25
49.35153937339783,2.0,1.28
49.45392966270447,2.0,1.26
49.55621361732483,2.0,1.28
49.65459203720093,2.0,1.27
49.75705814361572,2.0,1.26
49.85928750038147,2.0,1.26
49.957703590393066,2.0,1.24
50.060033321380615,2.0,1.26
50.1623899936676,2.5,1.25
50.260780572891235,2.5,1.27
50.36307096481323,2.5,1.25
50.465473890304565,2.5,1.28
50.56388258934021,2.5,1.26
50.6661958694458,2.5,1.28
50.76854920387268,2.5,1.29
50.86697220802307,2.5,1.26
50.969290256500244,2.5,1.29
51.07163715362549,2.5,1.27
51.170034885406494,2.5,1.29
51.27239775657654,2.5,1.27
51.374760389328,2.5,1.29
51.47311973571777,2.5,1.28
51.57546925544739,2.5,1.3
51.67782545089722,2.5,1.29
51.77627873420715,2.5,1.27
51.878549337387085,2.5,1.29
51.98094892501831,2.5,1.27
52.07929754257202,2.5,1.29
52.1816840171814,2.5,1.27
52.284077644348145,2.5,1.3
52.38247537612915,2.5,1.28
52.484774589538574,2.5,1.3
52.58719539642334,2.5,1.29
52.685476779937744,2.5,1.27
52.78785228729248,2.5,1.29
52.89020109176636,2.5,1.27
52.98854660987854,2.5,1.29
53.09099745750427,2.5,1.27
53.19327998161316,2.5,1.3
53.29166626930237,2.5,1.28
53.39402437210083,2.5,1.3
53.496365785598755,2.5,1.29
53.59477877616882,2.5,1.28
53.697163343429565,2.5,1.3
53.799498081207275,2.5,1.28
53.89792990684509,2.5,1.3
54.00034689903259,2.5,1.28
54.10255980491638,2.5,1.3
54.20097541809082,2.5,1.29
54.30333638191223,2.5,1.31
54.405704736709595,2.5,1.29
54.50401043891907,2.5,1.3
54.606404066085815,2.5,1.32
54.704732179641724,2.5,1.3
54.807148694992065,2.5,1.32
54.90947651863098,2.5,1.29
55.00787901878357,2.5,1.31
55.11021542549133,2.5,1.29
55.21256756782532,2.5,1.31
55.310858488082886,2.5,1.3
55.41342735290527,2.5,1.31
55.515745878219604,2.5,1.33
55.61400032043457,2.5,1.31
55.71637535095215,2.5,1.32
55.81876850128174,2.5,1.3
55.917123794555664,2.5,1.32
56.019487142562866,2.5,1.3
56.121830463409424,2.5,1.32
56.22021007537842,2.5,1.3
56.32257032394409,2.5,1.31
56.42496347427368,2.5,1.33
56.523375272750854,2.5,1.3
56.62577939033508,2.5,1.32
56.727951526641846,2.5,1.3
56.826390743255615,2.5,1.32
56.928749561309814,2.5,1.3
57.03108477592468,2.5,1.32
57.129536151885986,2.5,1.3
57.231833934783936,2.5,1.31
57.33429265022278,2.5,1.32
57.432679414749146,2.5,1.3
57.5349178314209,2.5,1.32
57.63729906082153,2.5,1.3
57.73579478263855,2.5,1.32
57.83809280395508,2.5,1.29
57.94038915634155,2.5,1.31
58.038763999938965,2.5,1.3
58.1411075592041,2.5,1.31
58.24338626861572,2.5,1.32
58.34180998802185,2.5,1.3
58.44419884681702,2.5,1.32
58.54656982421875,2.5,1.29
58.64501357078552,2.5,1.31
58.74730110168457,2.5,1.29
58.849628925323486,2.5,1.31
58.94808626174927,2.5,1.3
59.05040431022644,2.5,1.31
59.152669191360474,2.5,1.32
59.251086950302124,2.5,1.29
59.35345005989075,2.5,1.31
59.45580053329468,2.5,1.29
59.55432391166687,2.5,1.31
59.65654444694519,2.5,1.29
59.758851766586304,2.5,1.31
59.85727000236511,2.5,1.29
59.95961117744446,2.5,1.31
60.06200647354126,2.5,1.31
60.160311460494995,2.5,1.28
60.26274085044861,3.0,1.3
60.365073680877686,3.0,1.28
60.46344709396362,3.0,1.3
60.565898180007935,3.0,1.28
60.66814589500427,3.0,1.3
60.7666552066803,3.0,1.29
60.868977069854736,3.0,1.31
60.9712336063385,3.0,1.33
61.06959676742554,3.0,1.33
61.17202281951904,3.0,1.35
61.27436113357544,3.0,1.32
61.37273335456848,3.0,1.34
61.47510290145874,3.0,1.32
61.57746410369873,3.0,1.34
61.675798416137695,3.0,1.32
61.77814841270447,3.0,1.34
61.880542278289795,3.0,1.36
61.97897171974182,3.0,1.35
62.08130073547363,3.0,1.37
62.17959785461426,3.0,1.34
62.281962394714355,3.0,1.36
62.384315729141235,3.0,1.33
62.48277044296265,3.0,1.35
62.5851149559021,3.0,1.33
62.68755578994751,3.0,1.35
62.78577923774719,3.0,1.36
62.88820290565491,3.0,1.36
62.990567207336426,3.0,1.37
63.088871717453,3.0,1.35
63.191359758377075,3.0,1.36
63.29360628128052,3.0,1.34
63.3920373916626,3.0,1.35
63.494354486465454,3.0,1.33
63.59668183326721,3.0,1.35
63.69504642486572,3.0,1.37
63.79742431640625,3.0,1.36
63.89973545074463,3.0,1.37
63.99828624725342,3.0,1.34
64.10052871704102,3.0,1.36
64.20284342765808,3.0,1.33
64.30136466026306,3.0,1.35
64.40369439125061,3.0,1.33
64.50601506233215,3.0,1.35
64.60433650016785,3.0,1.36
64.70667219161987,3.0,1.34
64.80903625488281,3.0,1.36
64.90742325782776,3.0,1.33
65.0098397731781,3.0,1.35
65.11214995384216,3.0,1.33
65.21060013771057,3.0,1.34
65.31284093856812,3.0,1.33
65.4152102470398,3.0,1.34
65.51360559463501,3.0,1.36
65.61593651771545,3.0,1.34
65.7183780670166,3.0,1.35
65.81670880317688,3.0,1.33
65.91902470588684,3.0,1.34
66.02140688896179,3.0,1.32
66.11987352371216,3.0,1.34
66.22220015525818,3.0,1.32
66.32449555397034,3.0,1.34
66.42296624183655,3.0,1.36
66.5252959728241,3.0,1.34
66.6276924610138,3.0,1.35
66.72598123550415,3.0,1.33
66.82831645011902,3.0,1.34
66.93065047264099,3.0,1.32
67.02908086776733,3.0,1.34
67.13147807121277,3.0,1.32
67.23377275466919,3.0,1.34
67.33212733268738,3.0,1.36
67.43446612358093,3.0,1.34
67.53690981864929,3.0,1.35
67.63527536392212,3.0,1.33
67.73754620552063,3.0,1.34
67.84005451202393,3.0,1.32
67.93842840194702,3.0,1.34
68.04072952270508,3.0,1.32
68.14307188987732,3.0,1.34
68.24141907691956,3.0,1.36
68.34380006790161,3.0,1.34
68.44612336158752,3.0,1.35
68.54453420639038,3.0,1.33
68.64686012268066,3.0,1.34
68.74919533729553,3.0,1.32
68.84756994247437,3.0,1.34
68.94991374015808,3.0,1.32
69.04829406738281,3.0,1.34
69.15064406394958,3.0,1.36
69.25308322906494,3.0,1.34
69.35139656066895,3.0,1.35
69.45377516746521,3.0,1.33
69.5561089515686,3.0,1.34
69.65443015098572,3.0,1.32
69.75684809684753,3.0,1.34
69.85921382904053,3.0,1.32
69.95754623413086,3.0,1.34
70.0599856376648,3.0,1.36
70.16229724884033,3.0,1.34
70.26064252853394,3.0,1.36
70.36304593086243,3.5,1.33
70.46538853645325,3.5,1.35
70.56373167037964,3.5,1.32
70.66619992256165,3.5,1.34
70.7684977054596,3.5,1.33
70.86687088012695,3.5,1.34
70.96921253204346,3.5,1.36
71.07155275344849,3.5,1.37
71.16990232467651,3.5,1.38
71.27229738235474,3.5,1.35
71.37465572357178,3.5,1.36
71.47308897972107,3.5,1.34
71.57541036605835,3.5,1.35
71.67771553993225,3.5,1.34
71.77609062194824,3.5,1.35
71.87854957580566,3.5,1.37
71.98081398010254,3.5,1.38
72.07921409606934,3.5,1.39
72.18154811859131,3.5,1.37
72.2838819026947,3.5,1.38
72.38229155540466,3.5,1.35
72.48465251922607,3.5,1.37
72.58707308769226,3.5,1.35
72.68547058105469,3.5,1.36
72.78773999214172,3.5,1.38
72.89006567001343,3.5,1.39
72.98849487304688,3.5,1.4
73.09089636802673,3.5,1.38
73.19315481185913,3.5,1.39
73.29155492782593,3.5,1.36
73.39390087127686,3.5,1.38
73.49626731872559,3.5,1.36
73.594642162323,3.5,1.37
73.69701671600342,3.5,1.39
73.79934358596802,3.5,1.4
73.89780282974243,3.5,1.41
74.00009489059448,3.5,1.39
74.1024968624115,3.5,1.4
74.20088171958923,3.5,1.37
74.3031632900238,3.5,1.39
74.40551400184631,3.5,1.36
74.50391054153442,3.5,1.38
74.60631346702576,3.5,1.39
74.70861053466797,3.5,1.4
74.80696439743042,3.5,1.41
74.90939450263977,3.5,1.4
75.01177334785461,3.5,1.41
75.11015510559082,3.5,1.38
75.21247053146362,3.5,1.39
75.31489706039429,3.5,1.37
75.41321849822998,3.5,1.38
75.51553893089294,3.5,1.39
75.61791849136353,3.5,1.4
75.71637749671936,3.5,1.41
75.81869339942932,3.5,1.4
75.92101955413818,3.5,1.41
76.01937174797058,3.5,1.38
76.12175726890564,3.5,1.39
76.2241051197052,3.5,1.37
76.32252550125122,3.5,1.38
76.42483043670654,3.5,1.39
76.52714729309082,3.5,1.4
76.62559843063354,3.5,1.41
76.72785711288452,3.5,1.4
76.82626461982727,3.5,1.41
76.92864489555359,3.5,1.38
77.0310389995575,3.5,1.39
77.12948513031006,3.5,1.37
77.23199033737183,3.5,1.38
77.3340995311737,3.5,1.39
77.43263268470764,3.5,1.4
77.5348756313324,3.5,1.41
77.63725161552429,3.5,1.4
77.73555588722229,3.5,1.41
77.83789873123169,3.5,1.38
77.940260887146,3.5,1.39
78.03855991363525,3.5,1.37
78.14101099967957,3.5,1.38
78.24337697029114,3.5,1.38
78.34215831756592,3.5,1.39
78.4440484046936,3.5,1.4
78.54643106460571,3.5,1.4
78.64477872848511,3.5,1.41
78.7472414970398,3.5,1.38
78.84950709342957,3.5,1.39
78.94798469543457,3.5,1.36
79.05035448074341,3.5,1.38
79.15259671211243,3.5,1.37
79.25107312202454,3.5,1.38
79.35340738296509,3.5,1.39
79.45567107200623,3.5,1.4
79.55418038368225,3.5,1.41
79.65659594535828,3.5,1.38
79.75883769989014,3.5,1.39
79.85730767250061,3.5,1.36
79.95960450172424,3.5,1.37
80.06189727783203,3.5,1.36
80.16035032272339,3.5,1.37
80.26319622993469,3.5,1.39
80.36520886421204,3.5,1.39
80.464111328125,4.0,1.4
80.56585311889648,4.0,1.41
80.66812491416931,4.0,1.41
80.76656198501587,4.0,1.39
80.868821144104,4.0,1.4
80.97153854370117,4.0,1.38
81.06985974311829,4.0,1.4
81.17227911949158,4.0,1.41
81.27464532852173,4.0,1.41
81.37278509140015,4.0,1.42
81.4749493598938,4.0,1.42
81.57731342315674,4.0,1.43
81.6756603717804,4.0,1.4
81.77809071540833,4.0,1.41
81.8803653717041,4.0,1.4
81.97874975204468,4.0,1.41
82.08111453056335,4.0,1.42
82.18346500396729,4.0,1.42
82.2818992137909,4.0,1.43
82.38423895835876,4.0,1.43
82.48657703399658,4.0,1.43
82.58494830131531,4.0,1.4
82.6873071193695,4.0,1.41
82.78965425491333,4.0,1.41
82.88818907737732,4.0,1.41
82.99047517776489,4.0,1.42
83.09276938438416,4.0,1.43
83.19162392616272,4.0,1.43
83.29360246658325,4.0,1.43
83.395925283432,4.0,1.44
83.49426007270813,4.0,1.41
83.59665107727051,4.0,1.41
83.69893646240234,4.0,1.41
83.7973620891571,4.0,1.41
83.89967393875122,4.0,1.42
84.00202322006226,4.0,1.43
84.10041570663452,4.0,1.44
84.20277738571167,4.0,1.43
84.30512595176697,4.0,1.44
84.40349245071411,4.0,1.41
84.50590229034424,4.0,1.42
84.60417008399963,4.0,1.41
84.706552028656,4.0,1.41
84.80891227722168,4.0,1.42
84.90726733207703,4.0,1.43
85.00969886779785,4.0,1.44
85.11208128929138,4.0,1.43
85.21039247512817,4.0,1.44
85.31273865699768,4.0,1.41
85.41512322425842,4.0,1.42
85.51344656944275,4.0,1.41
85.61584377288818,4.0,1.42
85.7182264328003,4.0,1.42
85.81655216217041,4.0,1.43
85.91895914077759,4.0,1.44
86.02132225036621,4.0,1.43
86.11965441703796,4.0,1.44
86.22208666801453,4.0,1.41
86.32435846328735,4.0,1.42
86.42275214195251,4.0,1.41
86.52510619163513,4.0,1.41
86.62740898132324,4.0,1.42
86.72583150863647,4.0,1.43
86.82822179794312,4.0,1.43
86.93052816390991,4.0,1.43
87.02894735336304,4.0,1.44
87.13129568099976,4.0,1.41
87.23355841636658,4.0,1.42
87.33202576637268,4.0,1.41
87.43441009521484,4.0,1.42
87.53671264648438,4.0,1.42
87.6351068019867,4.0,1.43
87.73748302459717,4.0,1.44
87.8398175239563,4.0,1.43
87.93825817108154,4.0,1.44
88.04056286811829,4.0,1.41
88.14289879798889,4.0,1.42
88.24135422706604,4.0,1.41
88.34362030029297,4.0,1.41
88.44602155685425,4.0,1.42
88.5444700717926,4.0,1.43
88.64672756195068,4.0,1.43
88.74905490875244,4.0,1.43
88.84742832183838,4.0,1.44
88.94980955123901,4.0,1.41
89.05217289924622,4.0,1.41
89.15050387382507,4.0,1.41
89.25288677215576,4.0,1.41
89.35523676872253,4.0,1.42
89.45365047454834,4.0,1.43
89.556072473526,4.0,1.43
89.65834546089172,4.0,1.43
89.75671648979187,4.0,1.44
89.8590989112854,4.0,1.41
89.96142530441284,4.0,1.41
90.0597882270813,4.0,1.4
90.1621789932251,4.0,1.41
90.26450395584106,4.0,1.42
90.3628523349762,4.0,1.43
90.46527743339539,4.0,1.43
90.56763672828674,4.5,1.43
90.6659665107727,4.5,1.44
90.76837825775146,4.5,1.43
90.87073349952698,4.5,1.43
90.96911287307739,4.5,1.43
91.07149052619934,4.5,1.43
91.17381715774536,4.5,1.44
91.27217721939087,4.5,1.44
91.37454915046692,4.5,1.45
91.47689533233643,4.5,1.45
91.57528853416443,4.5,1.46
91.67768979072571,4.5,1.45
91.78002858161926,4.5,1.45
91.87831521034241,4.5,1.44
91.98072576522827,4.5,1.44
92.08302307128906,4.5,1.45
92.18143630027771,4.5,1.45
92.28375935554504,4.5,1.45
92.38617205619812,4.5,1.46
92.48451280593872,4.5,1.46
92.58691644668579,4.5,1.46
92.68922877311707,4.5,1.46
92.78761386871338,4.5,1.44
92.89000701904297,4.5,1.44
92.98835396766663,4.5,1.45
93.09074974060059,4.5,1.45
93.19311904907227,4.5,1.46
93.29144525527954,4.5,1.46
93.39380168914795,4.5,1.46
93.496178150177,4.5,1.46
93.59456515312195,4.5,1.47
93.69687938690186,4.5,1.43
93.79948282241821,4.5,1.44
93.89765477180481,4.5,1.45
94.00007486343384,4.5,1.45
94.1023497581482,4.5,1.45
94.20073461532593,4.5,1.46
94.30305933952332,4.5,1.46
94.40545964241028,4.5,1.46
94.50379657745361,4.5,1.47
94.60612607002258,4.5,1.43
94.70857167243958,4.5,1.44
94.80687379837036,4.5,1.45
94.90928506851196,4.5,1.45
95.01152229309082,4.5,1.45
95.10995745658875,4.5,1.46
95.21233439445496,4.5,1.46
95.31465172767639,4.5,1.46
95.41309905052185,4.5,1.46
95.51545476913452,4.5,1.43
95.61781883239746,4.5,1.44
95.71613454818726,4.5,1.44
95.81851482391357,4.5,1.45
95.9208414554596,4.5,1.45
96.01925754547119,4.5,1.46
96.12161946296692,4.5,1.46
96.22394609451294,4.5,1.46
96.32234501838684,4.5,1.47
96.42469811439514,4.5,1.44
96.5270459651947,4.5,1.45
96.62540125846863,4.5,1.45
96.72773146629333,4.5,1.46
96.83008933067322,4.5,1.46
96.92852139472961,4.5,1.46
97.03081035614014,4.5,1.47
97.13322019577026,4.5,1.47
97.23159956932068,4.5,1.47
97.33396887779236,4.5,1.45
97.43629622459412,4.5,1.45
97.53469061851501,4.5,1.45
97.63707113265991,4.5,1.45
97.7393798828125,4.5,1.46
97.83787679672241,4.5,1.46
97.94019603729248,4.5,1.46
98.0424952507019,4.5,1.47
98.14099931716919,4.5,1.47
98.24323201179504,4.5,1.46
98.34560871124268,4.5,1.46
98.44407057762146,4.5,1.45
98.54630827903748,4.5,1.45
98.64870142936707,4.5,1.45
98.74713563919067,4.5,1.46
98.8494040966034,4.5,1.46
98.95173692703247,4.5,1.46
99.050124168396,4.5,1.46
99.15254831314087,4.5,1.46
99.25488877296448,4.5,1.46
99.35331296920776,4.5,1.44
99.45556116104126,4.5,1.45
99.557936668396,4.5,1.45
99.6563069820404,4.5,1.45
99.75865912437439,4.5,1.46
99.86108541488647,4.5,1.46
99.9593780040741,4.5,1.46
100.0617904663086,4.5,1.46
100.1641297340393,4.5,1.46
100.26249694824219,4.5,1.44
100.36486625671387,4.5,1.44
100.46722650527954,4.5,1.45
100.56558275222778,4.5,1.45
100.66792821884155,5.0,1.46
100.77027988433838,5.0,1.46
100.86867713928223,5.0,1.46
100.97110390663147,5.0,1.46
101.07340478897095,5.0,1.47
101.17176175117493,5.0,1.47
101.27413630485535,5.0,1.47
101.37649965286255,5.0,1.47
101.4748215675354,5.0,1.47
101.57723879814148,5.0,1.48
101.6755440235138,5.0,1.48
101.77797889709473,5.0,1.48
101.88044619560242,5.0,1.48
101.97871232032776,5.0,1.48
102.08113837242126,5.0,1.48
102.18354678153992,5.0,1.48
102.28172636032104,5.0,1.48
102.38409948348999,5.0,1.48
102.48648047447205,5.0,1.48
102.5848319530487,5.0,1.48
102.68720769882202,5.0,1.48
102.78961396217346,5.0,1.48
102.88790559768677,5.0,1.48
102.99035596847534,5.0,1.48
103.09266757965088,5.0,1.48
103.19098806381226,5.0,1.48
103.2934079170227,5.0,1.48
103.39571785926819,5.0,1.48
103.49417090415955,5.0,1.48
103.5965416431427,5.0,1.48
103.69879603385925,5.0,1.48
103.79728889465332,5.0,1.48
103.89968013763428,5.0,1.49
104.00197291374207,5.0,1.49
104.10040473937988,5.0,1.49
104.20276045799255,5.0,1.49
104.30506634712219,5.0,1.49
104.40349078178406,5.0,1.49
104.50590753555298,5.0,1.49
104.60811948776245,5.0,1.49
104.70680475234985,5.0,1.49
104.80891871452332,5.0,1.49
104.91122913360596,5.0,1.49
105.00962519645691,5.0,1.49
105.11196231842041,5.0,1.49
105.2142858505249,5.0,1.49
105.31276202201843,5.0,1.49
105.41505789756775,5.0,1.49
105.51739931106567,5.0,1.49
105.61585569381714,5.0,1.49
105.71818280220032,5.0,1.49
105.82048869132996,5.0,1.49
105.91898822784424,5.0,1.49
106.02129173278809,5.0,1.49
106.12357974052429,5.0,1.49
106.22209525108337,5.0,1.49
106.32428407669067,5.0,1.49
106.42663836479187,5.0,1.49
106.52515482902527,5.0,1.49
106.62738227844238,5.0,1.49
106.72974109649658,5.0,1.49
106.82818961143494,5.0,1.49
106.93053579330444,5.0,1.49
107.03282332420349,5.0,1.49
107.13121366500854,5.0,1.49
107.23361539840698,5.0,1.49
107.33593106269836,5.0,1.49
107.43430590629578,5.0,1.49
107.53668785095215,5.0,1.49
107.63902187347412,5.0,1.49
107.73744869232178,5.0,1.49
107.83984398841858,5.0,1.49
107.94210004806519,5.0,1.49
108.04057240486145,5.0,1.49
108.1428484916687,5.0,1.49
108.2451741695404,5.0,1.49
108.34359335899353,5.0,1.49
108.44593644142151,5.0,1.49
108.5483033657074,5.0,1.49
108.64663076400757,5.0,1.49
108.74907684326172,5.0,1.49
108.84755897521973,5.0,1.49
108.94974088668823,5.0,1.49
109.05216431617737,5.0,1.49
109.15053176879883,5.0,1.49
109.25291466712952,5.0,1.49
109.3552553653717,5.0,1.49
109.45356321334839,5.0,1.49
109.55602383613586,5.0,1.49
109.65832781791687,5.0,1.49
109.7567310333252,5.0,1.49
109.85905814170837,5.0,1.49
109.96141600608826,5.0,1.49
110.05983591079712,5.0,1.49
110.16210961341858,5.0,1.49
110.26477289199829,5.0,1.49
110.36289143562317,5.0,1.49
110.46523833274841,5.0,1.49
110.5674614906311,5.0,1.49
110.66588997840881,5.0,1.49
